RAID Type,Avg Read Time,Avg Write Time,IOPS
RAID 5,1.026701,1.992554,16850671.48
RAID 1,1.961973,6.364731,8817962.57
RAID 0,0.957146,1.297793,18075210.29
